S/N;Anno;Et�;Menopausa;Dimensione del Tumore (cm);Nodi coinvolti;Seno;Metastatico;Quadrante del Seno;Storia;Risultato Diagnosi
1;2019;40;1;2;0;Destro;0;Superiore interno;0;Benigno
2;2019;39;1;2;0;Sinistro;0;Superiore esterno;0;Benigno
3;2019;45;0;4;0;Sinistro;0;Inferiore esterno;0;Benigno
4;2019;26;1;3;0;Sinistro;0;Inferiore interno;1;Benigno
5;2019;21;1;1;0;Destro;0;Superiore esterno;1;Benigno
6;2019;50;0;5;1;Destro;1;Inferiore esterno;0;Maligno
7;2019;58;0;6;1;Destro;1;Superiore esterno;0;Maligno
8;2019;21;1;3;0;Sinistro;0;Superiore interno;0;Benigno
9;2019;35;1;4;0;Sinistro;0;Superiore esterno;0;Benigno
10;2019;42;1;2;0;Destro;0;Inferiore esterno;1;Benigno
11;2019;41;1;7;1;Destro;1;Inferiore esterno;1;Benigno
12;2019;41;1;10;1;Destro;1;Inferiore interno;1;Maligno
13;2019;50;0;5;1;Destro;1;Superiore esterno;0;Maligno
14;2019;43;1;6;1;Destro;0;Superiore interno;0;Maligno
15;2019;26;1;3;0;Sinistro;0;Inferiore interno;0;Benigno
16;2019;30;1;3;0;Destro;0;Superiore esterno;0;Benigno
17;2019;33;1;4;0;Sinistro;0;Inferiore esterno;1;Benigno
18;2019;39;1;1;0;Sinistro;0;Inferiore esterno;1;Benigno
19;2019;38;1;3;1;Destro;1;Inferiore esterno;0;Maligno
20;2019;58;0;6;1;Destro;1;Superiore interno;0;Maligno
21;2019;60;0;10;1;Sinistro;1;Inferiore interno;1;Maligno
22;2019;47;0;4;0;Sinistro;0;Inferiore interno;1;Benigno
23;2019;45;1;6;1;Sinistro;1;Superiore esterno;1;Maligno
24;2019;57;0;8;1;Destro;1;Superiore esterno;1;Maligno
25;2019;34;1;1;0;Sinistro;0;Superiore interno;0;Benigno
26;2019;26;1;2;0;Sinistro;0;Superiore esterno;0;Benigno
27;2019;38;1;2;0;Destro;0;Inferiore esterno;1;Benigno
28;2019;31;1;5;0;Sinistro;0;Inferiore interno;1;Maligno
29;2019;36;1;5;0;Destro;0;Inferiore interno;1;Benigno
30;2019;42;1;3;0;Sinistro;0;Inferiore esterno;1;Maligno
31;2019;56;0;9;1;Sinistro;1;Superiore interno;0;Maligno
32;2019;48;0;7;1;Destro;1;Superiore esterno;0;Maligno
33;2019;40;1;2;0;Sinistro;1;Superiore esterno;0;Maligno
34;2019;35;1;1;0;Sinistro;0;Inferiore interno;0;Benigno
35;2019;31;1;6;1;Destro;1;Superiore interno;1;Maligno
36;2019;21;1;2;0;Destro;1;Inferiore interno;0;Benigno
37;2019;61;0;4;1;Destro;1;Inferiore esterno;1;Maligno
38;2019;50;0;5;0;Sinistro;0;Inferiore esterno;0;Benigno
39;2019;20;1;3;0;Sinistro;0;Superiore esterno;0;Benigno
40;2019;45;1;5;1;Sinistro;1;Superiore interno;0;Maligno
41;2019;34;1;3;0;Destro;1;Superiore esterno;1;Maligno
42;2019;38;1;2;0;Sinistro;0;Inferiore interno;0;Benigno
43;2019;37;1;8;1;Destro;1;Superiore esterno;1;Maligno
44;2019;47;0;7;1;Sinistro;1;Superiore esterno;1;Maligno
45;2019;57;0;1;0;Sinistro;0;Inferiore interno;0;Benigno
46;2019;42;1;4;0;Sinistro;0;Superiore esterno;0;Benigno
47;2019;27;1;4;0;Sinistro;0;Inferiore esterno;0;Benigno
48;2019;25;1;5;0;Sinistro;0;Superiore esterno;0;Maligno
49;2019;17;1;1;0;Destro;0;Inferiore interno;0;Benigno
50;2019;23;1;1;0;Sinistro;0;Inferiore esterno;0;Benigno
51;2019;43;0;1;0;Destro;0;Superiore interno;0;Benigno
52;2019;30;1;3;0;Sinistro;0;Superiore esterno;0;Benigno
53;2019;41;1;4;0;Sinistro;0;Inferiore interno;0;Benigno
54;2019;47;0;4;1;Destro;1;Superiore interno;0;Maligno
55;2019;59;0;3;0;Destro;0;Inferiore interno;0;Benigno
56;2019;67;0;5;1;Sinistro;1;Superiore esterno;1;Maligno
57;2019;50;0;6;1;Destro;1;Superiore interno;0;Maligno
58;2019;61;0;4;0;Destro;0;Inferiore esterno;0;Benigno
59;2019;46;1;7;1;Destro;1;Superiore esterno;1;Maligno
60;2019;24;1;2;0;Sinistro;0;Superiore interno;0;Benigno
61;2019;17;1;4;0;Destro;1;Inferiore interno;0;Benigno
62;2019;49;0;5;1;Destro;1;Superiore esterno;0;Maligno
63;2019;26;1;3;0;Destro;0;Inferiore interno;0;Benigno
64;2019;57;0;4;0;Sinistro;0;Inferiore esterno;0;Benigno
65;2019;41;1;5;0;Sinistro;0;Inferiore interno;0;Maligno
66;2019;42;1;8;0;Sinistro;0;Inferiore esterno;0;Maligno
67;2019;53;0;2;0;Sinistro;0;Superiore esterno;1;Maligno
68;2019;40;1;1;0;Sinistro;0;Inferiore esterno;0;Benigno
69;2019;28;1;3;0;Destro;0;Superiore esterno;1;Benigno
70;2019;68;0;7;1;Destro;1;Inferiore esterno;0;Maligno
71;2019;42;1;3;0;Sinistro;0;Superiore interno;0;Benigno
72;2019;64;0;2;0;Sinistro;0;Inferiore interno;0;Benigno
73;2019;39;1;2;0;Destro;0;Superiore esterno;0;Benigno
74;2019;31;1;4;0;Sinistro;0;Inferiore esterno;0;Benigno
75;2019;18;1;3;0;Destro;0;Inferiore esterno;0;Benigno
76;2019;14;1;1;0;Destro;0;Inferiore interno;1;Benigno
77;2019;18;1;2;0;Sinistro;0;Superiore interno;0;Benigno
78;2019;15;0;5;0;Destro;0;Inferiore interno;0;Benigno
79;2019;38;1;5;1;Destro;1;Superiore interno;0;Maligno
80;2019;43;1;3;0;Sinistro;0;Superiore esterno;0;Benigno
81;2019;30;1;1;0;Destro;0;Superiore interno;0;Benigno
82;2019;54;0;6;1;Destro;1;Inferiore esterno;1;Maligno
83;2019;45;0;8;1;Sinistro;1;Inferiore esterno;1;Maligno
84;2019;71;0;9;1;Destro;1;Superiore esterno;0;Maligno
85;2019;55;0;1;0;Sinistro;0;Superiore interno;1;Maligno
86;2019;33;1;3;0;Destro;0;Superiore esterno;0;Benigno
87;2019;15;1;1;0;Sinistro;0;Inferiore esterno;0;Benigno
88;2019;42;1;2;0;Sinistro;0;Superiore esterno;1;Maligno
89;2019;24;1;1;0;Destro;0;Superiore esterno;0;Benigno
90;2019;54;0;10;1;Sinistro;1;Inferiore esterno;0;Maligno
91;2019;48;0;4;0;Sinistro;0;Superiore esterno;0;Maligno
92;2019;50;0;7;1;Destro;1;Superiore interno;1;Maligno
93;2019;46;0;5;1;Sinistro;1;Superiore esterno;0;Maligno
94;2019;18;1;1;0;Destro;0;Inferiore interno;0;Benigno
95;2019;42;1;2;0;Destro;0;Superiore interno;0;Maligno
96;2019;22;1;3;0;Destro;0;Superiore esterno;1;Benigno
97;2019;21;1;3;0;Destro;0;Superiore esterno;0;Benigno
98;2019;65;0;6;1;Destro;1;Superiore esterno;1;Maligno
99;2019;19;1;1;0;Destro;0;Inferiore interno;1;Benigno
100;2019;46;0;7;0;Destro;0;Inferiore esterno;0;Maligno
101;2019;49;1;5;0;Sinistro;0;Superiore interno;0;Maligno
102;2019;40;1;4;0;Destro;0;Inferiore interno;0;Maligno
103;2020;47;0;8;1;Destro;1;Superiore interno;1;Maligno
104;2020;50;0;5;1;Destro;1;Superiore esterno;0;Maligno
105;2020;45;1;8;1;Sinistro;1;Superiore esterno;0;Maligno
106;2020;57;0;9;1;Destro;1;Inferiore esterno;0;Maligno
107;2020;27;1;2;0;Sinistro;0;Superiore esterno;0;Benigno
108;2020;17;1;4;0;Sinistro;0;Superiore interno;1;Benigno
109;2020;33;1;6;1;Sinistro;0;Superiore esterno;1;Maligno
110;2020;21;1;3;0;Sinistro;0;Inferiore esterno;1;Benigno
111;2020;18;1;5;0;Sinistro;0;Inferiore interno;0;Benigno
112;2020;52;0;3;0;Sinistro;0;Superiore interno;1;Benigno
113;2020;45;1;8;1;Sinistro;1;Superiore esterno;1;Maligno
114;2020;34;1;4;0;Sinistro;0;Superiore interno;0;Benigno
115;2020;36;1;2;0;Sinistro;0;Inferiore esterno;1;Benigno
116;2020;23;1;3;0;Destro;0;Superiore esterno ;1;Benigno
117;2020;51;0;7;1;Sinistro;1;Superiore interno;1;Maligno
118;2020;49;0;14;1;Destro;1;Superiore esterno;1;Maligno
119;2020;57;0;10;1;Sinistro;1;Inferiore interno;1;Maligno
120;2020;18;1;3;0;Sinistro;0;Superiore interno;0;Benigno
121;2020;44;1;4;0;Sinistro;0;Superiore esterno;0;Benigno
122;2020;46;0;6;0;Sinistro;0;Inferiore esterno;1;Benigno
123;2020;19;1;3;0;Destro;0;Inferiore esterno;0;Benigno
124;2020;18;1;2;0;Destro;0;Superiore esterno;0;Benigno
125;2020;23;1;4;0;Destro;0;Inferiore interno;1;Benigno
126;2020;54;0;12;1;Sinistro;1;Inferiore esterno;0;Maligno
127;2020;37;1;3;0;Sinistro;0;Inferiore interno;0;Benigno
128;2020;50;0;1;0;Sinistro;0;Superiore esterno;0;Benigno
129;2020;35;1;6;1;Sinistro;1;Superiore esterno;0;Maligno
130;2020;58;0;10;1;Destro;1;Superiore interno;0;Maligno
131;2020;33;1;4;0;Sinistro;0;Superiore interno;0;Benigno
132;2020;68;0;7;1;Sinistro;1;Inferiore interno;1;Maligno
133;2020;38;1;7;1;Destro;0;Inferiore interno;1;Maligno
134;2020;42;0;5;1;Sinistro;1;Inferiore esterno;0;Maligno
135;2020;42;1;10;1;Destro;1;Superiore interno;1;Maligno
136;2020;41;1;8;1;Destro;1;Superiore esterno;1;Maligno
137;2020;30;1;1;0;Destro;0;Superiore interno;0;Benigno
138;2020;49;0;3;0;Destro;0;Inferiore esterno;0;Benigno
139;2020;48;1;4;0;Sinistro;0;Inferiore esterno;0;Benigno
140;2020;34;1;2;0;Sinistro;0;Inferiore interno;1;Benigno
141;2020;63;0;6;1;Destro;1;Superiore interno;1;Maligno
142;2020;26;1;5;0;Destro;0;Superiore esterno;0;Benigno
143;2020;14;0;1;0;Destro;0;Superiore interno;0;Benigno
144;2020;29;1;2;0;Destro;0;Inferiore interno;1;Benigno
145;2020;22;1;1;0;Destro;0;Inferiore esterno;0;Benigno
146;2020;37;1;2;0;Sinistro;0;Inferiore esterno;1;Benigno
147;2020;41;1;8;1;Sinistro;1;Superiore esterno;1;Maligno
148;2020;33;1;4;0;Destro;0;Inferiore esterno;0;Benigno
149;2020;38;1;5;1;Destro;1;Superiore interno;1;Maligno
150;2020;39;1;7;1;Sinistro;1;Superiore esterno;0;Maligno
151;2020;32;1;5;0;Sinistro;0;Superiore esterno;1;Maligno
152;2020;57;0;9;1;Destro;1;Inferiore esterno;1;Maligno
153;2020;17;1;2;0;Sinistro;0;Superiore interno;0;Benigno
154;2020;58;0;6;0;Sinistro;0;Inferiore interno;1;Benigno
155;2020;35;1;4;0;Destro;0;Inferiore esterno;0;Benigno
156;2020;35;1;7;1;Sinistro;1;Superiore esterno;0;Maligno
157;2020;53;0;5;0;Destro;0;Superiore interno;1;Maligno
158;2020;51;1;4;0;Destro;0;Inferiore interno;0;Benigno
159;2020;37;1;9;1;Destro;1;Superiore esterno;1;Maligno
160;2020;44;1;6;1;Sinistro;0;Superiore esterno;0;Maligno
161;2020;45;1;3;0;Destro;0;Inferiore esterno;0;Benigno
162;2020;31;1;1;0;Sinistro;0;Inferiore interno;0;Benigno
163;2020;33;1;4;0;Destro;0;Superiore interno;0;Benigno
164;2020;38;1;5;1;Destro;1;Superiore esterno;1;Maligno
165;2020;38;1;2;0;Sinistro;0;Superiore esterno;1;Benigno
166;2020;57;0;4;1;Sinistro;1;Superiore esterno;1;Maligno
167;2020;62;0;3;1;Destro;1;Superiore interno;1;Maligno
168;2020;55;0;2;0;Destro;0;Inferiore esterno;0;Benigno
169;2020;47;1;10;1;Destro;1;Superiore esterno;0;Maligno
170;2020;20;1;2;0;Sinistro;0;Inferiore esterno;1;Benigno
171;2020;39;1;3;0;Destro;0;Inferiore interno;1;Benigno
172;2020;69;0;4;0;Sinistro;0;Superiore interno;1;Benigno
173;2020;13;1;1;0;Sinistro;0;Inferiore esterno;0;Benigno
174;2020;39;1;4;0;Destro;0;Inferiore interno;1;Benigno
175;2020;38;1;1;0;Sinistro;0;Superiore esterno;1;Benigno
176;2020;14;1;3;0;Sinistro;0;Superiore interno;0;Benigno
177;2020;23;1;5;0;Sinistro;0;Superiore esterno;1;Benigno
178;2020;62;1;2;0;Destro;0;Superiore interno;1;Benigno
179;2020;49;1;4;0;Sinistro;0;Inferiore esterno;0;Benigno
180;2020;29;1;1;0;Destro;0;Inferiore esterno;0;Benigno
181;2020;24;1;1;0;Sinistro;1;Inferiore interno;0;Benigno
182;2020;67;0;6;1;Sinistro;1;Superiore esterno;1;Maligno
183;2020;16;1;3;0;Sinistro;0;Superiore interno;0;Benigno
184;2020;56;0;4;0;Destro;0;Inferiore esterno;1;Benigno
185;2020;20;1;2;0;Destro;0;Inferiore interno;1;Benigno
186;2020;32;1;5;0;Sinistro;0;Inferiore esterno;1;Maligno
187;2020;77;0;8;1;Sinistro;1;Superiore esterno;0;Maligno
188;2020;36;1;3;0;Destro;0;Superiore esterno;0;Maligno
189;2020;61;0;2;0;Sinistro;0;Inferiore esterno;1;Maligno
190;2020;44;1;9;1;Destro;1;Superiore esterno;0;Maligno
191;2020;59;0;6;1;Destro;1;Superiore interno;1;Maligno
192;2020;38;1;2;0;Sinistro;0;Inferiore interno;1;Benigno
193;2020;49;0;4;0;Sinistro;0;Inferiore interno;0;Benigno
194;2020;35;1;1;0;Sinistro;0;Inferiore esterno;1;Benigno
195;2020;55;0;7;1;Destro;1;Superiore esterno;1;Maligno
196;2020;37;1;3;0;Sinistro;0;Superiore interno;0;Maligno
197;2020;25;1;3;0;Destro;0;Inferiore interno;0;Benigno
198;2020;60;0;8;1;Sinistro;1;Inferiore esterno;1;Maligno
199;2020;40;1;2;0;Sinistro;0;Superiore interno;0;Benigno
200;2020;40;1;5;1;Destro;1;Superiore esterno;0;Maligno
201;2020;62;0;7;1;Destro;1;Superiore esterno;1;Maligno
202;2020;33;1;2;0;Sinistro;0;Inferiore interno;0;Benigno
203;2020;38;1;3;0;Destro;0;Inferiore esterno;0;Benigno
204;2020;39;1;1;0;Sinistro;0;Inferiore esterno;0;Benigno
205;2020;49;1;5;1;Destro;1;Superiore esterno;1;Maligno
206;2020;16;1;2;0;Destro;0;Superiore interno;0;Benigno
207;2020;61;0;9;1;Destro;1;Superiore esterno;0;Maligno
208;2020;40;0;5;1;Sinistro;1;Inferiore esterno;0;Maligno
209;2020;49;1;6;1;Destro;1;Inferiore interno;1;Maligno
210;2020;28;1;3;0;Sinistro;0;Superiore interno;0;Benigno
211;2020;22;1;1;0;Sinistro;0;Superiore esterno;1;Benigno
212;2020;19;1;1;0;Sinistro;0;Inferiore interno;1;Benigno
213;2020;50;0;4;0;Destro;0;Inferiore esterno;1;Benigno
